start_time,duration_min,distance_km,mode,start_location,end_location
2023-01-01 00:00:00,35.90519084803855,1.291707248366347,Car,University,Station
2023-01-01 01:00:00,22.416970953233815,4.684990637820068,Train,University,Downtown
2023-01-01 02:00:00,20.734253765564304,5.326132324816147,Bus,Station,Downtown
2023-01-01 03:00:00,20.73453441497701,1.2128790089871475,Bike,Suburb,University
2023-01-01 04:00:00,69.74571618345976,3.8955042214526436,Walk,University,University
2023-01-01 05:00:00,43.000593464463336,2.6160267160463127,Walk,Station,Mall
2023-01-01 06:00:00,16.966170026113485,5.458856072952475,Bus,Suburb,Mall
2023-01-01 07:00:00,37.0472171014682,5.87199380840398,Train,University,Suburb
2023-01-01 08:00:00,29.984403960969704,2.616497187052718,Bike,Downtown,Suburb
2023-01-01 09:00:00,3.238724152358781,10.432369774538445,Bus,Mall,Downtown
2023-01-01 10:00:00,10.068634240315594,5.082994679831077,Train,Suburb,University
2023-01-01 11:00:00,31.592484560222452,2.7275953696791846,Bike,Station,Downtown
2023-01-01 12:00:00,65.47765301225293,1.1302264689610455,Walk,Suburb,Downtown
2023-01-01 13:00:00,20.877782774387192,6.1075742506325135,Bike,Station,University
2023-01-01 14:00:00,15.870411585814555,7.24041606192297,Car,Suburb,Suburb
2023-01-01 15:00:00,27.210113122082486,3.352759064684272,Bike,Station,University
2023-01-01 16:00:00,15.079267210771464,5.5903473174504335,Car,University,Station
2023-01-01 17:00:00,19.766120717087826,14.204026105101008,Bike,Downtown,Station
2023-01-01 18:00:00,24.73953718410397,9.339848113034202,Car,University,Station
2023-01-01 19:00:00,9.602059572658254,0.5,Walk,Downtown,Mall
2023-01-01 20:00:00,44.55090141319709,2.6999017899762245,Train,University,Suburb
2023-01-01 21:00:00,8.027721694185601,4.508677718077764,Car,University,Suburb
2023-01-01 22:00:00,7.091901657520101,5.303591340532131,Car,Suburb,Mall
2023-01-01 23:00:00,29.009256268322023,5.68205401834499,Walk,Mall,Downtown
2023-01-02 00:00:00,42.20030711968576,6.914369221274988,Car,Station,Station
2023-01-02 01:00:00,28.467533615356057,4.627806953260465,Bus,Station,Station
2023-01-02 02:00:00,22.826687656269012,5.073360160455604,Walk,Station,Downtown
2023-01-02 03:00:00,19.610721524752115,9.674476172213495,Bus,Downtown,University
2023-01-02 04:00:00,17.098647460299755,6.1965046371025085,Walk,Station,University
2023-01-02 05:00:00,51.56698950779174,1.7497116385586233,Car,Station,Suburb
2023-01-02 06:00:00,31.815659090848833,5.432345255385071,Bus,Suburb,Mall
2023-01-02 07:00:00,18.259782204879812,4.518515473161919,Car,University,Suburb
2023-01-02 08:00:00,14.049097939673358,0.6794144470172223,Walk,Station,University
2023-01-02 09:00:00,38.81428435061811,5.645026789222368,Car,Mall,Downtown
2023-01-02 10:00:00,50.75162510103326,1.9825359195936756,Bus,Station,Suburb
2023-01-02 11:00:00,47.718146727043326,9.772957447689016,Bus,Downtown,Station
2023-01-02 12:00:00,12.015705723170205,6.843721473129462,Car,Downtown,Station
2023-01-02 13:00:00,19.477467019314364,1.6554640983384084,Bike,Downtown,Downtown
2023-01-02 14:00:00,16.821524512801478,9.471547317587437,Walk,Station,University
2023-01-02 15:00:00,21.57432173678983,12.564327847688027,Walk,Suburb,Station
2023-01-02 16:00:00,44.266327850448846,4.0927517359942485,Car,Mall,Station
2023-01-02 17:00:00,61.533936858108156,4.497654799915746,Bike,Station,Mall
2023-01-02 18:00:00,32.67730710462748,8.84353321508192,Bus,Suburb,Suburb
2023-01-02 19:00:00,14.472669346383258,11.943979382871028,Train,Suburb,University
2023-01-02 20:00:00,24.312629473333562,0.9296074165268582,Train,Station,Suburb
2023-01-02 21:00:00,69.18809302610377,1.8531578553998749,Car,Station,University
2023-01-02 22:00:00,26.723829023307793,3.5717242953590516,Bike,Suburb,Station
2023-01-02 23:00:00,19.645270538633657,3.899357932985791,Bike,Suburb,Mall
2023-01-03 00:00:00,20.98278917701918,8.66827243275741,Walk,Suburb,Suburb
2023-01-03 01:00:00,32.572700460720185,11.98533466516121,Bus,Station,Station
2023-01-03 02:00:00,12.38447601757894,12.587381807408962,Bike,Suburb,University
2023-01-03 03:00:00,16.48795677185044,0.9034306768985685,Train,Downtown,Suburb
2023-01-03 04:00:00,47.246585903613756,2.4832621259438232,Bus,Station,Suburb
2023-01-03 05:00:00,31.921914229845964,3.0385110679269074,Bus,Downtown,Station
2023-01-03 06:00:00,26.9274126071832,2.4742048836159567,Car,University,Suburb
2023-01-03 07:00:00,48.84020347018551,6.828772371906991,Bike,Station,Mall
2023-01-03 08:00:00,13.72028675672288,7.428207291386663,Car,University,Mall
2023-01-03 09:00:00,19.176523758464704,5.024914612370242,Bike,Suburb,Station
2023-01-03 10:00:00,31.18395457172091,4.665520362632858,Walk,Suburb,University
2023-01-03 11:00:00,30.403718858960445,3.6995016995775236,Car,Mall,Station
2023-01-03 12:00:00,6.387683614476196,4.06317077671175,Car,Suburb,Mall
2023-01-03 13:00:00,17.70692120407672,14.098840744616156,Train,University,Downtown
2023-01-03 14:00:00,22.004975555424096,8.214175336480174,Car,Suburb,Downtown
2023-01-03 15:00:00,33.669083130476515,3.8153565190832044,Bike,Station,Suburb
2023-01-03 16:00:00,30.326454622763993,4.595828002754858,Train,Suburb,Suburb
2023-01-03 17:00:00,23.58589446001963,6.942174667854367,Car,Mall,Downtown
2023-01-03 18:00:00,3.2115762285900096,1.6549300000453482,Car,Suburb,Mall
2023-01-03 19:00:00,24.490067916771906,5.574300329147815,Walk,University,Suburb
2023-01-03 20:00:00,26.18458541677835,7.900626776085744,Car,University,Station
2023-01-03 21:00:00,109.46996683174306,7.2014203883958805,Bus,Suburb,Station
2023-01-03 22:00:00,21.456896589459497,2.527451976956065,Train,University,Mall
2023-01-03 23:00:00,31.305892836959963,2.9603230827752505,Bus,University,Suburb
2023-01-04 00:00:00,54.303191383214475,0.5844607159401242,Train,Mall,Station
2023-01-04 01:00:00,42.57109044708541,8.492020273491558,Walk,Station,Suburb
2023-01-04 02:00:00,63.19206870917219,18.10261829363732,Car,Mall,Suburb
2023-01-04 03:00:00,6.493683291115296,2.21762242404725,Car,Downtown,Station
2023-01-04 04:00:00,10.305928412404883,10.590964761268513,Car,Mall,Downtown
2023-01-04 05:00:00,15.559005666633404,17.066173332920492,Train,Suburb,Station
2023-01-04 06:00:00,5.38975792278382,3.405703323665299,Car,Station,Mall
2023-01-04 07:00:00,26.351359404122213,4.600786485422978,Bus,Suburb,University
2023-01-04 08:00:00,11.087665658557754,6.048519340701624,Car,Downtown,Station
2023-01-04 09:00:00,68.62813120023135,7.038909501563243,Walk,Station,Suburb
2023-01-04 10:00:00,12.693013206679337,6.2904856769779425,Bus,University,Suburb
2023-01-04 11:00:00,19.267548268044592,3.631369837843001,Car,Mall,Station
2023-01-04 12:00:00,44.29443239556379,7.814357609015312,Car,Suburb,University
2023-01-04 13:00:00,7.9370708545124025,3.700771367424486,Bike,Downtown,Station
2023-01-04 14:00:00,5.003747473649867,6.607323596487476,Train,University,University
2023-01-04 15:00:00,28.748576156664186,4.887519765541264,Bus,Mall,University
2023-01-04 16:00:00,30.377857286246297,0.7970040408441894,Bike,University,Mall
2023-01-04 17:00:00,43.40181959735746,11.652800641285406,Walk,Mall,Suburb
2023-01-04 18:00:00,36.53065830041622,3.029636165781459,Train,Station,Suburb
2023-01-04 19:00:00,31.203355058554337,12.435720481842317,Bus,University,University
2023-01-04 20:00:00,14.008221254313394,10.306713036618689,Car,University,Suburb
2023-01-04 21:00:00,29.772673674554163,5.915393718330236,Bus,University,Downtown
2023-01-04 22:00:00,31.115613902410537,7.302047215470523,Car,Station,University
2023-01-04 23:00:00,13.561264392127764,7.9383302333476635,Train,Downtown,Suburb
2023-01-05 00:00:00,81.3311327966764,4.273992630822672,Car,Mall,Downtown
2023-01-05 01:00:00,35.34410356152164,4.436706764202152,Walk,University,Mall
2023-01-05 02:00:00,10.476926182055948,7.669142698656426,Car,Station,Suburb
2023-01-05 03:00:00,43.54916857803393,4.927890751828571,Walk,Downtown,Downtown
2023-01-05 04:00:00,48.68092710605849,3.641173685872747,Train,Mall,Station
2023-01-05 05:00:00,33.87567523142123,2.5642632692825433,Train,Station,Station
2023-01-05 06:00:00,20.542797572083952,6.7480030461069616,Bus,Mall,Downtown
2023-01-05 07:00:00,13.060280190693147,2.9443231527801803,Walk,University,University
2023-01-05 08:00:00,23.536457945281473,9.138959382027979,Walk,Downtown,University
2023-01-05 09:00:00,32.20538918583453,9.674406480976314,Bike,Station,Suburb
2023-01-05 10:00:00,25.252626745374734,7.262053181150709,Bike,Downtown,Station
2023-01-05 11:00:00,65.03290825481423,8.366858791404972,Bike,University,University
2023-01-05 12:00:00,39.178692537705835,7.27742667931659,Car,Downtown,University
2023-01-05 13:00:00,11.803800815668978,8.784761820859941,Bike,Downtown,Station
2023-01-05 14:00:00,9.467814822438356,8.527249219943076,Walk,Suburb,Mall
2023-01-05 15:00:00,35.55526672525937,6.4884049855906865,Car,Downtown,University
2023-01-05 16:00:00,20.91753788954026,10.395374916144007,Train,Mall,Downtown
2023-01-05 17:00:00,41.532182192840395,4.394662008136128,Bus,Station,Suburb
2023-01-05 18:00:00,35.32958442879738,2.63431049723616,Bike,Suburb,University
2023-01-05 19:00:00,23.616028191393905,2.5160749867144268,Train,Station,University
2023-01-05 20:00:00,11.925910215900851,3.8995966756469307,Walk,Station,Mall
2023-01-05 21:00:00,5.642995870297829,0.6674414858390342,Bus,University,Downtown
2023-01-05 22:00:00,29.379311125466845,5.87241233741734,Train,University,Suburb
2023-01-05 23:00:00,7.803773004285483,8.012511318422124,Bus,Suburb,University
2023-01-06 00:00:00,11.493061941085458,9.581163652710973,Bike,University,Suburb
2023-01-06 01:00:00,28.09659419979972,1.0006479480819317,Walk,University,Station
2023-01-06 02:00:00,26.14423313278938,2.589539863759528,Bus,University,University
2023-01-06 03:00:00,8.75582934710223,8.94968899935823,Train,Station,University
2023-01-06 04:00:00,52.3848984528533,4.28625644945958,Bike,Suburb,Station
2023-01-06 05:00:00,51.46287645672613,7.886800165066326,Bike,Station,Mall
2023-01-06 06:00:00,36.35871312563797,1.5723324237422305,Train,Mall,University
2023-01-06 07:00:00,36.32766681146971,12.33801055256022,Train,Station,Suburb
2023-01-06 08:00:00,36.35902183696097,1.4510085663165353,Bus,Mall,Downtown
2023-01-06 09:00:00,48.39839920285595,5.746381716342174,Car,Downtown,Suburb
2023-01-06 10:00:00,39.85463041242373,5.856757682314203,Bike,Downtown,Mall
2023-01-06 11:00:00,12.821967161213044,3.327379993911646,Bus,Mall,Downtown
2023-01-06 12:00:00,20.688727210564803,7.081145643054015,Train,Mall,Suburb
2023-01-06 13:00:00,101.94798297336732,7.224292851677634,Bus,Station,Suburb
2023-01-06 14:00:00,3.472264786069053,6.679011632574686,Train,Mall,Station
2023-01-06 15:00:00,16.92944564204186,3.276489004794298,Walk,Suburb,Mall
2023-01-06 16:00:00,52.57218834042444,2.763157049764331,Train,Downtown,Station
2023-01-06 17:00:00,13.549002393537549,3.5764673622440775,Train,Downtown,Downtown
2023-01-06 18:00:00,40.60468932523835,2.4432802690150677,Train,Mall,Station
2023-01-06 19:00:00,25.892919575952828,10.719693936792293,Car,University,Mall
2023-01-06 20:00:00,14.385673755444634,3.8345500234704146,Train,University,University
2023-01-06 21:00:00,2.715168256817379,5.625456766870453,Bike,Mall,University
2023-01-06 22:00:00,28.78728779903202,8.924723825474251,Bike,Suburb,Downtown
2023-01-06 23:00:00,12.579139822242665,2.3374180081575604,Bus,University,University
2023-01-07 00:00:00,22.843310629122115,1.3890145777812966,Car,Mall,Station
2023-01-07 01:00:00,36.10951454888664,2.4508859205253017,Bus,Suburb,Downtown
2023-01-07 02:00:00,45.79218447520617,6.087391955219822,Bike,Suburb,Mall
2023-01-07 03:00:00,16.884485336610357,5.78787198293591,Bike,Station,Downtown
2023-01-07 04:00:00,14.362524229862515,6.669850304109027,Walk,Suburb,Downtown
2023-01-07 05:00:00,7.669591168924451,4.61078394449706,Train,University,Suburb
2023-01-07 06:00:00,47.31943608594625,0.5,Bike,University,Suburb
2023-01-07 07:00:00,92.72588963262913,4.49776155309144,Bus,Mall,Downtown
2023-01-07 08:00:00,50.79714574799502,9.748398233603673,Bus,Mall,University
2023-01-07 09:00:00,58.434015789640505,11.47809758663841,Train,Suburb,Suburb
2023-01-07 10:00:00,13.647511432834737,5.351289518212704,Train,Downtown,Mall
2023-01-07 11:00:00,34.6170249758351,5.803795114655918,Walk,Station,Station
2023-01-07 12:00:00,43.20104248441166,7.784140661273528,Car,Downtown,Suburb
2023-01-07 13:00:00,9.94707896146982,11.26213361322365,Bus,Suburb,Downtown
2023-01-07 14:00:00,71.80728219398942,5.002045054612305,Train,Suburb,University
2023-01-07 15:00:00,6.27320150401475,7.708615996245248,Bus,Downtown,Station
2023-01-07 16:00:00,64.58485523843676,3.1565095213406877,Train,Station,Suburb
2023-01-07 17:00:00,6.229231915453813,1.6057826707016103,Bike,Downtown,University
2023-01-07 18:00:00,10.403064899171625,3.441996716204546,Bus,Mall,University
2023-01-07 19:00:00,35.05875739704506,12.998770188437927,Bike,University,University
2023-01-07 20:00:00,26.37621957407919,7.817671488665925,Bus,Mall,Downtown
2023-01-07 21:00:00,18.256149497655166,1.759139318412537,Car,University,Mall
2023-01-07 22:00:00,70.0071570808476,8.072245826327837,Walk,Suburb,University
2023-01-07 23:00:00,7.874590321530868,1.8916078270724266,Bike,Station,Station
2023-01-08 00:00:00,22.174383008394894,6.604101981025481,Train,Downtown,Suburb
2023-01-08 01:00:00,38.21092635748357,2.25689398592923,Car,Station,Station
2023-01-08 02:00:00,30.845713653075475,1.6633077303169914,Bus,Downtown,Downtown
2023-01-08 03:00:00,14.776343568029391,14.441912301150522,Bike,Mall,Downtown
2023-01-08 04:00:00,15.235658759481552,3.8322019373783234,Bus,Mall,Station
2023-01-08 05:00:00,45.32549883388159,7.718858125844735,Bus,Downtown,Mall
2023-01-08 06:00:00,46.780369782986554,5.160159560527079,Bus,Station,Downtown
2023-01-08 07:00:00,31.43548249243285,2.0362920388966534,Walk,Downtown,Downtown
2023-01-08 08:00:00,12.137579057482846,4.1658660947988215,Walk,Suburb,Station
2023-01-08 09:00:00,15.645508378675332,2.053016570583308,Train,Mall,Downtown
2023-01-08 10:00:00,24.597422826952915,21.373373777050194,Bike,Suburb,Mall
2023-01-08 11:00:00,27.341558608773337,8.695933719345016,Car,Mall,Mall
2023-01-08 12:00:00,37.16154177717133,5.087515720955983,Car,Mall,Mall
2023-01-08 13:00:00,21.28540833964769,7.432417992315909,Car,University,Suburb
2023-01-08 14:00:00,44.63268348753332,8.313940165359952,Bus,Suburb,Mall
2023-01-08 15:00:00,44.2942174301177,8.32919393506516,Walk,Suburb,Mall
2023-01-08 16:00:00,59.75930524617787,8.084941212821501,Bike,University,Suburb
2023-01-08 17:00:00,25.408947438554364,7.660170017308161,Bus,Station,University
2023-01-08 18:00:00,31.817532630399587,5.4049533888924195,Walk,Suburb,Downtown
2023-01-08 19:00:00,22.563528099211474,13.71868537136466,Walk,Downtown,Mall
2023-01-08 20:00:00,12.266920237754984,5.665647070861125,Bike,University,Downtown
2023-01-08 21:00:00,91.35144329752694,5.199688121544899,Bike,Suburb,Station
2023-01-08 22:00:00,54.8012509201356,5.7018449843192895,Bike,Station,Downtown
2023-01-08 23:00:00,43.67764392677825,6.005589382713778,Bus,Suburb,Suburb
2023-01-09 00:00:00,24.763591390382853,1.0094936923575943,Train,Mall,Downtown
2023-01-09 01:00:00,11.339221563164408,2.428707406415172,Bike,Downtown,Downtown
2023-01-09 02:00:00,49.03640864329804,4.610662832478835,Train,University,Downtown
2023-01-09 03:00:00,22.25900686054257,0.9541741702702817,Bus,Mall,University
2023-01-09 04:00:00,33.87924476583472,5.081330050928975,Train,Station,University
2023-01-09 05:00:00,15.595356780847098,5.947780445013215,Car,Mall,Station
2023-01-09 06:00:00,30.0501262746748,1.5351855834947565,Train,Mall,Suburb
2023-01-09 07:00:00,16.411980939303675,2.972590929420952,Bike,Station,Downtown
2023-01-09 08:00:00,16.94279279650054,11.787586270132834,Bus,Mall,Downtown
2023-01-09 09:00:00,29.76824067375265,7.485875940737937,Bike,University,Downtown
2023-01-09 10:00:00,6.13598212640863,7.188473354504941,Car,Suburb,Downtown
2023-01-09 11:00:00,6.449536179121809,10.84327909093285,Bike,Mall,University
2023-01-09 12:00:00,13.508616568543822,2.4711676877792073,Bike,University,Station
2023-01-09 13:00:00,21.09022731826588,1.5397499813236966,Bike,Suburb,Mall
2023-01-09 14:00:00,45.557893693294304,9.881596914336019,Walk,Suburb,Suburb
2023-01-09 15:00:00,22.02894474502505,4.711573800253006,Car,Mall,Downtown
2023-01-09 16:00:00,24.643205613592627,2.4128370624984896,Bike,University,Station
2023-01-09 17:00:00,19.816418150721283,1.0005139019164206,Bike,Mall,Mall
2023-01-09 18:00:00,31.784617946079777,5.750168917183654,Bike,Station,Station
2023-01-09 19:00:00,12.15869338090087,4.299506124486703,Bus,Suburb,University
2023-01-09 20:00:00,22.95245901001624,3.739456429010799,Walk,Mall,Mall
2023-01-09 21:00:00,33.61387188858867,0.5,Bus,Suburb,Station
2023-01-09 22:00:00,29.595462123489053,13.600715223515026,Walk,University,University
2023-01-09 23:00:00,25.24464449463874,1.2641930728963744,Bike,Downtown,Station
2023-01-10 00:00:00,25.477647563194743,4.036731625572098,Car,Mall,Station
2023-01-10 01:00:00,35.93685490217659,3.51498741680998,Train,Mall,Mall
2023-01-10 02:00:00,94.17298795318422,7.643398461332512,Train,Suburb,University
2023-01-10 03:00:00,12.890052500282533,1.013203223531652,Bike,University,Downtown
2023-01-10 04:00:00,95.90028490177585,7.012087226027653,Bus,Station,Suburb
2023-01-10 05:00:00,12.38684416993929,5.771304852013117,Car,University,Mall
2023-01-10 06:00:00,2.302702429184716,2.8494071290207073,Walk,Mall,University
2023-01-10 07:00:00,16.13835014179738,6.837482365621904,Bike,Station,Station
2023-01-10 08:00:00,32.21923891253026,5.074526264638501,Car,University,University
2023-01-10 09:00:00,81.77395223970306,15.749467190608538,Car,Downtown,Suburb
2023-01-10 10:00:00,11.325962525282229,4.296478258519505,Walk,Suburb,Suburb
2023-01-10 11:00:00,35.78712143404177,2.1352072747477004,Car,University,Downtown
2023-01-10 12:00:00,7.158599169749087,7.0618629480116235,Bus,University,Downtown
2023-01-10 13:00:00,79.88084532450314,3.88289616119976,Bus,Downtown,Suburb
2023-01-10 14:00:00,55.50119716515828,4.997256127081089,Bus,Mall,Mall
2023-01-10 15:00:00,16.97063789785216,1.552448387897237,Car,Suburb,Mall
2023-01-10 16:00:00,61.45039186617475,7.725729764617696,Bus,University,Station
2023-01-10 17:00:00,22.8468956596681,3.391536145111304,Walk,Station,Downtown
2023-01-10 18:00:00,57.44730919004511,6.102050826975814,Car,University,Station
2023-01-10 19:00:00,25.101681352385253,18.33776234088546,Train,Suburb,Downtown
2023-01-10 20:00:00,25.920855790166915,4.102997914646607,Car,University,Suburb
2023-01-10 21:00:00,17.258083189536418,8.471536996946847,Walk,Downtown,Mall
2023-01-10 22:00:00,39.10512812214844,4.330451746709095,Train,University,Mall
2023-01-10 23:00:00,27.402619208494645,2.883106751997527,Car,University,Suburb
2023-01-11 00:00:00,36.343889172318484,12.061769831279925,Bus,Station,Station
2023-01-11 01:00:00,5.505806077394587,0.6952065447262168,Bike,Downtown,Station
2023-01-11 02:00:00,58.80196110891774,10.005188513244235,Bike,Downtown,University
2023-01-11 03:00:00,68.67436738967437,0.5930168007591461,Bus,University,Downtown
2023-01-11 04:00:00,27.307598832467523,9.314951463149805,Bike,Station,Station
2023-01-11 05:00:00,89.90559962857337,5.055483324751612,Bike,University,Suburb
2023-01-11 06:00:00,76.72562484616718,2.1406960470981407,Bus,University,Station
2023-01-11 07:00:00,39.69587762299494,3.583429629560629,Bus,Suburb,Mall
2023-01-11 08:00:00,61.972419480543884,8.156956375244757,Car,Suburb,Downtown
2023-01-11 09:00:00,51.60786372384747,17.225522664791868,Car,Station,University
2023-01-11 10:00:00,4.066945513555396,1.0591541608525232,Bus,Mall,Downtown
2023-01-11 11:00:00,20.137444784189196,2.2643487463647247,Walk,Suburb,Mall
2023-01-11 12:00:00,41.628461603396055,1.4148257958723442,Bike,Mall,Mall
2023-01-11 13:00:00,71.65885947567817,4.30272423049357,Car,Downtown,Mall
2023-01-11 14:00:00,6.666658774715288,9.486354517563727,Bike,Suburb,Mall
2023-01-11 15:00:00,4.39483607972367,1.222508983527,Train,Suburb,Suburb
2023-01-11 16:00:00,23.939677413853456,4.953325696924813,Bus,Station,University
2023-01-11 17:00:00,2.53294268093856,9.281509040388706,Walk,Mall,Mall
2023-01-11 18:00:00,23.313605163450276,3.541025827750917,Train,Suburb,Mall
2023-01-11 19:00:00,32.79231775456404,5.810780948328736,Train,Suburb,Station
2023-01-11 20:00:00,10.85888693284487,11.475748732284462,Train,Station,University
2023-01-11 21:00:00,23.805761879537506,1.8932362192682235,Bus,Station,Downtown
2023-01-11 22:00:00,48.4327151432458,0.7906956820105704,Car,Mall,University
2023-01-11 23:00:00,16.07331115501628,6.3429945130294705,Bus,Downtown,University
2023-01-12 00:00:00,12.574826965510884,6.471041255736976,Car,Downtown,University
2023-01-12 01:00:00,22.98411585811071,3.340408786581514,Train,University,Mall
2023-01-12 02:00:00,9.833800556091886,2.8130224630282292,Train,Suburb,Mall
2023-01-12 03:00:00,85.61114999298243,5.133441560231339,Walk,Mall,Suburb
2023-01-12 04:00:00,25.689112208469236,1.8606026868675487,Car,Suburb,Downtown
2023-01-12 05:00:00,13.750522609251028,1.8634510293360202,Train,Mall,Station
2023-01-12 06:00:00,29.376856373424907,8.119736710572171,Bike,Mall,University
2023-01-12 07:00:00,22.88725471207519,1.7399828567624458,Walk,Mall,Downtown
2023-01-12 08:00:00,20.96043690291836,0.8519937776408961,Bus,Suburb,Downtown
2023-01-12 09:00:00,16.069798420464224,2.808124964772407,Walk,Station,Suburb
2023-01-12 10:00:00,15.4250011487286,3.4084210583839827,Bike,Suburb,Station
2023-01-12 11:00:00,5.640527831132326,7.011544864490405,Car,Mall,University
2023-01-12 12:00:00,61.91011024159218,3.024511551819876,Bus,University,Station
2023-01-12 13:00:00,37.90954365527348,12.779619290889318,Bus,Downtown,Suburb
2023-01-12 14:00:00,31.5246923501847,5.337768381913757,Car,Mall,Mall
2023-01-12 15:00:00,22.603800315015715,2.4774478044396235,Walk,University,Downtown
2023-01-12 16:00:00,10.685878134913079,6.801810215401616,Train,Station,University
2023-01-12 17:00:00,13.027465979726266,12.629822465881198,Walk,Mall,Mall
2023-01-12 18:00:00,6.334164358925235,7.965952789676596,Bike,University,Suburb
2023-01-12 19:00:00,14.453132090919503,1.1455784949297587,Train,Mall,Station
2023-01-12 20:00:00,9.360215305786488,3.6554473488093198,Walk,Suburb,Downtown
2023-01-12 21:00:00,73.97019806138262,6.032969394525466,Car,University,University
2023-01-12 22:00:00,46.25422503878657,7.737163441883418,Bike,Suburb,Mall
2023-01-12 23:00:00,26.528359403527084,4.323514389590765,Bike,Suburb,Mall
2023-01-13 00:00:00,11.755412602736492,3.8580494436400645,Bike,University,Downtown
2023-01-13 01:00:00,9.81298325266278,15.673550777221587,Train,Downtown,Station
2023-01-13 02:00:00,21.492283954236903,8.04798467143595,Bus,University,Suburb
2023-01-13 03:00:00,47.56626491475556,6.816982209474547,Train,Downtown,Station
2023-01-13 04:00:00,6.519602924947248,3.134429926914538,Walk,Mall,Station
2023-01-13 05:00:00,37.56330578964069,1.8348578806926266,Bus,Mall,Station
2023-01-13 06:00:00,14.398508974752769,6.902648846068995,Walk,University,Downtown
2023-01-13 07:00:00,16.70357095599316,8.664226280460461,Bus,Mall,Downtown
2023-01-13 08:00:00,25.951438186396487,4.97835801261437,Train,Station,Suburb
2023-01-13 09:00:00,12.114206751290757,8.062980679245358,Bike,Suburb,Station
2023-01-13 10:00:00,20.652400794688194,8.206538703238818,Car,Suburb,Downtown
2023-01-13 11:00:00,11.221776588634457,9.062220869797983,Bike,Downtown,Suburb
2023-01-13 12:00:00,15.411628602800613,1.124259286905334,Train,Mall,Suburb
2023-01-13 13:00:00,42.6666570358708,3.740784784754138,Bus,Downtown,Station
2023-01-13 14:00:00,26.97331812685792,7.200537481936017,Bike,Suburb,University
2023-01-13 15:00:00,42.55601738854971,5.195260694329777,Train,Suburb,Station
2023-01-13 16:00:00,14.238497370483412,8.224284756560051,Walk,Mall,University
2023-01-13 17:00:00,37.7574556573006,6.814060319248867,Car,Station,Suburb
2023-01-13 18:00:00,4.872008212303175,0.5,Bike,Station,Downtown
2023-01-13 19:00:00,25.942769642927644,10.566665243432455,Bus,Mall,Mall
2023-01-13 20:00:00,39.51735758771215,3.365306563987118,Walk,Mall,Suburb
2023-01-13 21:00:00,4.65417083238544,2.3475910855925726,Train,Downtown,Downtown
2023-01-13 22:00:00,14.382515496031354,10.33106898330687,Car,Mall,Suburb
2023-01-13 23:00:00,25.92915031832721,7.7905663856429515,Bus,Station,Station
2023-01-14 00:00:00,49.98840924143956,11.315854854227421,Train,Mall,University
2023-01-14 01:00:00,15.409937904209341,6.081605430184525,Train,Downtown,Suburb
2023-01-14 02:00:00,36.72707159719576,3.7018273803954282,Bike,Downtown,Downtown
2023-01-14 03:00:00,64.59562344710827,5.576155130937584,Bike,Downtown,Station
2023-01-14 04:00:00,37.92271258738742,1.9789920810057828,Bus,Downtown,Mall
2023-01-14 05:00:00,21.27057782891265,1.3778330110166082,Train,University,Station
2023-01-14 06:00:00,32.89795595633041,2.9374005537845136,Bike,Mall,University
2023-01-14 07:00:00,15.033051604447689,13.60293422268297,Car,Suburb,Station
2023-01-14 08:00:00,26.714572365679796,3.1986943809823836,Car,Mall,Mall
2023-01-14 09:00:00,22.10487671002018,0.8741442766509864,Train,University,Downtown
2023-01-14 10:00:00,32.12408371560268,4.4201870909500665,Bike,Downtown,Suburb
2023-01-14 11:00:00,17.842181947992866,3.1629254660113126,Bus,University,University
2023-01-14 12:00:00,33.44290642961585,10.696323540210862,Bus,Station,Mall
2023-01-14 13:00:00,17.70170312726306,12.969733406925286,Bus,Station,University
2023-01-14 14:00:00,45.94802359092733,3.5635263070749184,Car,Mall,Station
2023-01-14 15:00:00,19.203125681731024,6.077325611988418,Bike,Mall,University
2023-01-14 16:00:00,2.658343361107703,6.453171921249873,Bike,Suburb,Mall
2023-01-14 17:00:00,10.118827073633383,4.81392739230757,Car,Suburb,Suburb
2023-01-14 18:00:00,25.358369251579067,4.159693708617916,Bus,Station,Suburb
2023-01-14 19:00:00,73.54379893140494,2.20671916426202,Bus,Downtown,University
2023-01-14 20:00:00,44.746467776572544,0.7165770578947167,Train,University,Downtown
2023-01-14 21:00:00,1.9750452290779585,2.194891504862449,Walk,Suburb,University
2023-01-14 22:00:00,5.90733573160686,4.683758032624863,Bike,Suburb,Station
2023-01-14 23:00:00,54.33344259948695,1.2248281558122305,Bike,Downtown,Suburb
2023-01-15 00:00:00,39.36486741237094,5.846469008180035,Bike,Downtown,Suburb
2023-01-15 01:00:00,99.79024200887133,5.2734067985314255,Walk,Mall,Suburb
2023-01-15 02:00:00,17.117864209272728,3.1675147119637437,Train,University,Downtown
2023-01-15 03:00:00,11.88987962737676,4.019955392838853,Walk,Downtown,Downtown
2023-01-15 04:00:00,26.411640590910952,1.4667499210939439,Bus,Suburb,Mall
2023-01-15 05:00:00,16.844088666374766,8.951159730708518,Bus,Suburb,University
2023-01-15 06:00:00,50.95495774433305,8.846865860538955,Bike,Station,University
2023-01-15 07:00:00,16.36706913196844,1.741000043317778,Car,Downtown,Station
2023-01-15 08:00:00,20.129598303995195,1.7907664541933015,Bike,Mall,Suburb
2023-01-15 09:00:00,10.432720552266328,2.2218637407222563,Car,University,Downtown
2023-01-15 10:00:00,42.71084891166429,7.454419406567585,Walk,Mall,Station
2023-01-15 11:00:00,11.05682413098802,6.438497744369856,Bus,Suburb,Station
2023-01-15 12:00:00,33.89118513882315,10.251989306899723,Car,Mall,Downtown
2023-01-15 13:00:00,81.80062334353488,11.035443346651693,Walk,Suburb,University
2023-01-15 14:00:00,3.9527271844296257,1.1054133785158242,Bus,Suburb,Suburb
2023-01-15 15:00:00,66.60242522022178,7.267862969521448,Car,Suburb,University
2023-01-15 16:00:00,30.822924756217297,10.741104740025989,Bike,Suburb,Station
2023-01-15 17:00:00,8.92510881782059,3.814523014544388,Bike,Suburb,Suburb
2023-01-15 18:00:00,27.17882056295519,4.909336491297151,Bike,Station,Mall
2023-01-15 19:00:00,41.852606879548276,4.354672095777412,Walk,Mall,Station
2023-01-15 20:00:00,12.604224608889824,4.507898283414958,Bike,Station,University
2023-01-15 21:00:00,35.28645589838463,8.93013269799036,Train,Station,University
2023-01-15 22:00:00,70.28336017567656,15.298085776972314,Bus,Downtown,University
2023-01-15 23:00:00,16.3495652489623,12.485668180476518,Walk,Downtown,Downtown
2023-01-16 00:00:00,10.315923175721542,3.294019257516942,Bike,Downtown,Station
2023-01-16 01:00:00,22.642402047854635,6.0914814975144225,Bus,University,Suburb
2023-01-16 02:00:00,26.094709080409718,2.537339913158676,Car,Downtown,University
2023-01-16 03:00:00,52.738948621601914,2.7740528335046806,Bike,Mall,University
2023-01-16 04:00:00,22.063325065035258,4.744306431310224,Bus,Station,Downtown
2023-01-16 05:00:00,17.61114561732919,2.708625962435783,Train,Mall,Suburb
2023-01-16 06:00:00,10.076311303494313,3.073128026956198,Car,Downtown,Station
2023-01-16 07:00:00,4.696368361551433,5.985705104477452,Train,University,Mall
2023-01-16 08:00:00,7.416306342059076,7.195695293838023,Bus,University,Downtown
2023-01-16 09:00:00,7.372310725457293,7.0598934285071575,Train,Station,Station
2023-01-16 10:00:00,20.302445546360136,7.109958874510141,Bus,Mall,Mall
2023-01-16 11:00:00,5.727438214600897,1.5751925405024578,Bus,Suburb,University
2023-01-16 12:00:00,23.96325521578498,2.5881380709189656,Train,Mall,University
2023-01-16 13:00:00,80.61816178095891,5.148376583728508,Bus,Downtown,Suburb
2023-01-16 14:00:00,53.77686057071257,10.413225713853432,Bike,Suburb,Mall
2023-01-16 15:00:00,20.14613248177316,20.879987450398755,Bus,University,University
2023-01-16 16:00:00,115.27718961071838,6.271403760515744,Walk,Station,University
2023-01-16 17:00:00,26.16438352458891,8.347585683455323,Bus,Station,Suburb
2023-01-16 18:00:00,29.035427453620617,1.4010287666405783,Walk,University,Station
2023-01-16 19:00:00,22.307377651148702,8.192432360119973,Bus,Downtown,University
2023-01-16 20:00:00,24.3710844126134,17.36792536762892,Bus,University,Downtown
2023-01-16 21:00:00,15.884117787421266,2.579731633081182,Train,Downtown,Downtown
2023-01-16 22:00:00,20.380320748015883,3.1593026924986987,Bike,Suburb,Station
2023-01-16 23:00:00,66.89867177777455,9.122725229653186,Bike,University,Mall
2023-01-17 00:00:00,57.726596544016324,5.098974910290791,Car,Downtown,Suburb
2023-01-17 01:00:00,2.507991660474104,0.6414262996723177,Train,Suburb,Downtown
2023-01-17 02:00:00,6.449160122929129,3.322993194176718,Train,University,Downtown
2023-01-17 03:00:00,12.76013401189192,12.9341781413294,Bike,Station,Station
2023-01-17 04:00:00,47.84932376632371,3.9955331213000003,Train,University,Mall
2023-01-17 05:00:00,58.59254608077711,3.992874801719979,Bike,Mall,Mall
2023-01-17 06:00:00,41.740914264905975,8.728278921849991,Train,University,Station
2023-01-17 07:00:00,8.890433786247465,6.436032164641034,Bus,Mall,Downtown
2023-01-17 08:00:00,16.156216505955747,3.82348349475192,Bike,Suburb,Suburb
2023-01-17 09:00:00,35.72456938447117,2.9839000433193448,Bike,University,Downtown
2023-01-17 10:00:00,20.628927029048533,27.326443585843368,Walk,Suburb,Mall
2023-01-17 11:00:00,18.42141871595528,11.535811457394972,Train,Suburb,Downtown
2023-01-17 12:00:00,18.641163488640675,7.108083819762374,Train,Downtown,Suburb
2023-01-17 13:00:00,54.84109219345398,7.433152911962127,Bike,Suburb,University
2023-01-17 14:00:00,38.333984063209904,4.529686574099981,Bus,Suburb,Downtown
2023-01-17 15:00:00,19.471990152068265,6.380410642553477,Bus,University,Station
2023-01-17 16:00:00,31.862280072502386,4.161753293806239,Bus,University,University
2023-01-17 17:00:00,7.755976215318471,2.3742917083254946,Train,Station,Station
2023-01-17 18:00:00,16.182245414265168,6.562564248851031,Walk,Downtown,Station
2023-01-17 19:00:00,51.31283171096164,3.8813530271870316,Bike,Suburb,Station
2023-01-17 20:00:00,5.348327740500333,6.809879130699934,Car,Downtown,Downtown
2023-01-17 21:00:00,38.667345396394644,7.737824275442934,Walk,Mall,Mall
2023-01-17 22:00:00,2.472459094127238,7.067840915654324,Car,Suburb,University
2023-01-17 23:00:00,74.34258227555218,2.2019002929282414,Walk,Downtown,Suburb
2023-01-18 00:00:00,15.862740868061438,3.551483040480913,Bus,Station,Mall
2023-01-18 01:00:00,33.55314896424152,3.94198818679997,Train,Station,Downtown
2023-01-18 02:00:00,27.277890065411043,9.81151215857631,Car,Suburb,Station
2023-01-18 03:00:00,28.024995344508884,9.467398925591075,Walk,Mall,Suburb
2023-01-18 04:00:00,31.44681448086728,2.724563188678986,Train,Station,University
2023-01-18 05:00:00,4.353727177506828,1.5381132308834473,Car,Station,Mall
2023-01-18 06:00:00,28.456916643797317,21.51754331793276,Bike,Mall,Mall
2023-01-18 07:00:00,21.60374732848238,6.8712855564434046,Walk,Downtown,Suburb
2023-01-18 08:00:00,15.93663001089924,1.3373214030948763,Bike,Station,Downtown
2023-01-18 09:00:00,12.754099009557077,3.1161048830464306,Bus,University,University
2023-01-18 10:00:00,28.987536404757698,10.090730670936596,Bike,Station,Suburb
2023-01-18 11:00:00,10.436948738212884,18.234069839145196,Bike,Downtown,Station
2023-01-18 12:00:00,50.6943991747402,16.310404540369902,Walk,Downtown,University
2023-01-18 13:00:00,35.313975954826475,6.665858657197978,Bus,Suburb,Mall
2023-01-18 14:00:00,30.292972890174124,5.013084678190774,Bike,University,Suburb
2023-01-18 15:00:00,49.26650711830352,2.01147855952581,Train,Downtown,Mall
2023-01-18 16:00:00,3.6111388836809755,5.339261386474456,Car,Mall,Mall
2023-01-18 17:00:00,7.506108616755269,2.272209562531793,Bike,University,Mall
2023-01-18 18:00:00,36.42397265578774,3.5801288145437136,Bus,University,Downtown
2023-01-18 19:00:00,13.41505673326942,9.116152933959834,Bike,Mall,Mall
2023-01-18 20:00:00,14.929370775632103,4.14525369566063,Car,Station,Station
2023-01-18 21:00:00,6.455837386459568,3.9268471423006157,Bus,Mall,Station
2023-01-18 22:00:00,10.464009314874827,4.808067966958852,Walk,Mall,University
2023-01-18 23:00:00,51.45785476226161,23.568129439995182,Bus,Station,Mall
2023-01-19 00:00:00,35.82153631963039,1.8115070855072226,Walk,Station,Mall
2023-01-19 01:00:00,28.752875570581864,6.1675591517045945,Bus,Station,Suburb
2023-01-19 02:00:00,15.42753336469765,15.371965557280024,Car,Station,Downtown
2023-01-19 03:00:00,27.437923480493414,4.797073498301697,Car,Station,University
2023-01-19 04:00:00,54.51296865594985,11.393641576193033,Bus,Mall,Mall
2023-01-19 05:00:00,13.705710307910795,1.433379501533128,Bike,Suburb,Suburb
2023-01-19 06:00:00,24.328553335051534,4.254340735601127,Car,Suburb,Downtown
2023-01-19 07:00:00,77.35960933322174,2.497453351468109,Walk,Downtown,University
2023-01-19 08:00:00,41.36268328725727,4.757983689332445,Walk,Suburb,University
2023-01-19 09:00:00,15.613145902740053,4.835972840439519,Train,Suburb,Mall
2023-01-19 10:00:00,39.07799716148593,5.228104535690994,Walk,Mall,University
2023-01-19 11:00:00,5.254705411928717,9.05835692660505,Train,Station,Suburb
2023-01-19 12:00:00,23.586127057562344,0.5,Bus,Station,University
2023-01-19 13:00:00,39.048326687052295,2.999125005890609,Bus,Mall,Station
2023-01-19 14:00:00,33.10890180723993,5.863750786505095,Bus,Suburb,Suburb
2023-01-19 15:00:00,38.78597559665318,0.6848505288377174,Bike,Mall,Downtown
2023-01-19 16:00:00,44.8755265706203,7.804657768136403,Bike,Downtown,Downtown
2023-01-19 17:00:00,34.98787888744136,2.9507815437497875,Train,Station,Mall
2023-01-19 18:00:00,34.276503423840005,4.318845214543414,Walk,University,Mall
2023-01-19 19:00:00,29.241380742504298,9.341180951942707,Walk,Downtown,Station
2023-01-19 20:00:00,9.365160085969832,11.741210922200212,Bus,Downtown,Downtown
2023-01-19 21:00:00,51.44253546697607,7.971617105676875,Car,Mall,Downtown
2023-01-19 22:00:00,24.241814157739952,1.7613550346239366,Bike,Suburb,Downtown
2023-01-19 23:00:00,40.65562807675966,7.696153901212657,Bike,Station,Downtown
2023-01-20 00:00:00,47.92714259059604,8.060844278392047,Bus,University,University
2023-01-20 01:00:00,16.279209817111123,6.98837440105614,Bike,Downtown,Suburb
2023-01-20 02:00:00,17.49465269586621,13.023351538565166,Bus,University,Suburb
2023-01-20 03:00:00,19.478127014007594,5.331736734120722,Train,Suburb,Station
2023-01-20 04:00:00,58.05438590317897,12.693578397706029,Walk,Suburb,University
2023-01-20 05:00:00,11.369509012367299,12.64255126241721,Car,University,Downtown
2023-01-20 06:00:00,64.79306465687512,8.219292990515884,Walk,Station,Downtown
2023-01-20 07:00:00,29.002703569479994,6.23883431897079,Walk,Suburb,Mall
2023-01-20 08:00:00,30.536181010678575,7.016999710292514,Train,University,Mall
2023-01-20 09:00:00,46.48783400581953,14.896573585411115,Bike,Downtown,Station
2023-01-20 10:00:00,26.62751561983875,10.404165257001715,Car,University,Downtown
2023-01-20 11:00:00,51.82970336339861,1.9724177111546553,Bike,University,Station
2023-01-20 12:00:00,16.26112252560707,6.704933823203913,Walk,Mall,University
2023-01-20 13:00:00,63.427837007941946,2.3831958833583737,Bus,Suburb,Suburb
2023-01-20 14:00:00,17.32719334377029,2.875825948227383,Walk,Station,Downtown
2023-01-20 15:00:00,65.02742888529288,3.6979270548728813,Bike,Station,University
2023-01-20 16:00:00,17.713977119809773,1.2928865522263746,Walk,Mall,Downtown
2023-01-20 17:00:00,19.930648924537707,2.2439182285162103,Bus,Station,Mall
2023-01-20 18:00:00,10.1606917071935,13.49420631500464,Train,University,Station
2023-01-20 19:00:00,12.884450061222738,2.860463065237855,Bike,Mall,Mall
2023-01-20 20:00:00,24.33432729439979,9.093479478834277,Walk,Downtown,Suburb
2023-01-20 21:00:00,29.815360486726995,5.695496377752983,Bike,Suburb,Mall
2023-01-20 22:00:00,49.31618164176081,7.463394394907473,Train,Suburb,Downtown
2023-01-20 23:00:00,21.080863240422016,7.688070354748798,Walk,Suburb,Mall
2023-01-21 00:00:00,33.16058418966711,2.1530211057730857,Walk,University,Downtown
2023-01-21 01:00:00,28.363849434428325,9.056879692588547,Bike,Downtown,Suburb
2023-01-21 02:00:00,35.800210647554756,1.584425814755566,Bike,Mall,Mall
2023-01-21 03:00:00,14.572161791776633,2.7577911190489237,Bus,Mall,Station
2023-01-21 04:00:00,16.06264833628574,7.609903332958044,Train,Suburb,Station
2023-01-21 05:00:00,14.576930319589438,2.0227729995391153,Bus,Downtown,Station
2023-01-21 06:00:00,55.81738817442853,0.6000358025776612,Walk,Downtown,Mall
2023-01-21 07:00:00,63.830584147222424,6.4801230005172545,Bike,Downtown,Mall
2023-01-21 08:00:00,15.496294389291766,1.0583820388099403,Walk,Station,Mall
2023-01-21 09:00:00,15.758530113325003,8.11850335009005,Walk,Station,Downtown
2023-01-21 10:00:00,39.36879772584259,3.9190426464873336,Car,Suburb,Suburb
2023-01-21 11:00:00,68.53594630120176,6.413175425967998,Car,Downtown,Station
2023-01-21 12:00:00,78.39539439021945,6.327141147829955,Walk,Downtown,Downtown
2023-01-21 13:00:00,14.911925098601731,8.54106319736164,Bike,Mall,Station
2023-01-21 14:00:00,18.218675907660387,7.76697302962511,Walk,Mall,Downtown
2023-01-21 15:00:00,30.95440741461633,2.005601633424646,Car,Suburb,Mall
2023-01-21 16:00:00,32.052134509819396,4.113004163994545,Bike,Downtown,Station
2023-01-21 17:00:00,21.727599125816546,6.407699340716427,Walk,Suburb,Mall
2023-01-21 18:00:00,12.508506953118701,12.844868577754195,Train,Mall,Station
2023-01-21 19:00:00,24.36397026638601,7.816955930459946,Train,Mall,University
2023-01-21 20:00:00,78.34065169765786,12.11499634411619,Walk,Station,Downtown
2023-01-21 21:00:00,16.256429565257577,6.65270484404784,Bike,Suburb,University
2023-01-21 22:00:00,29.58886324054272,10.527346687738406,Walk,Suburb,Downtown
2023-01-21 23:00:00,112.80436241578502,6.029056474070774,Walk,Downtown,Suburb
2023-01-22 00:00:00,16.064496658596774,10.23806106450581,Car,Downtown,Station
2023-01-22 01:00:00,40.66609420265983,3.7587354776923116,Train,Station,Suburb
2023-01-22 02:00:00,80.52314833210053,13.828228187956723,Car,University,Suburb
2023-01-22 03:00:00,38.27102291235443,7.196579087496967,Car,University,Downtown
2023-01-22 04:00:00,53.202545620059915,1.3027532917748563,Walk,University,University
2023-01-22 05:00:00,44.49221398620438,6.563342543095619,Car,Suburb,Mall
2023-01-22 06:00:00,36.16612752406927,7.834905970363471,Train,Suburb,Downtown
2023-01-22 07:00:00,62.45346961287984,9.271825602676202,Car,Mall,Mall
2023-01-22 08:00:00,39.78381304073114,17.02941178590233,Train,Suburb,Suburb
2023-01-22 09:00:00,21.901406046863162,3.285897650835517,Car,Suburb,Mall
2023-01-22 10:00:00,27.950081836101116,17.103424878392065,Train,Suburb,University
2023-01-22 11:00:00,32.84049191540748,5.014326937854403,Car,Station,Downtown
2023-01-22 12:00:00,18.13041568660207,2.640425213762203,Car,Suburb,University
2023-01-22 13:00:00,28.886214971038843,3.3461029509316766,Bike,Downtown,University
2023-01-22 14:00:00,25.91006474398025,7.5122121475426065,Train,Downtown,Downtown
2023-01-22 15:00:00,39.698730284258986,2.3079522985381153,Train,Mall,University
2023-01-22 16:00:00,94.64598604965495,3.8110945984712044,Train,Station,Station
2023-01-22 17:00:00,30.146929700751496,6.446516934496026,Bus,Downtown,Station
2023-01-22 18:00:00,69.67821284520508,13.757739907671002,Car,Station,Station
2023-01-22 19:00:00,38.71622620252103,9.090310356275355,Train,Station,Mall
2023-01-22 20:00:00,28.790581371132646,5.170432204892519,Bus,Mall,University
2023-01-22 21:00:00,17.31307611052701,7.488149235243672,Bike,Station,Downtown
2023-01-22 22:00:00,28.95003756751531,5.994081660405914,Train,Suburb,Downtown
2023-01-22 23:00:00,27.664363060214537,1.7357323821886166,Train,Station,Mall
2023-01-23 00:00:00,13.745384356768684,15.346228013262298,Bus,Mall,Downtown
2023-01-23 01:00:00,15.663355688126359,13.901663169598473,Car,Mall,Station
2023-01-23 02:00:00,33.03921773628014,4.719035750320873,Bike,Mall,University
2023-01-23 03:00:00,69.22170394888548,3.4467967752750117,Train,Downtown,Downtown
2023-01-23 04:00:00,23.748244833970723,1.77504888844652,Car,Suburb,Downtown
2023-01-23 05:00:00,6.136516875818191,7.820301748265051,Bike,Downtown,Suburb
2023-01-23 06:00:00,9.98016479361713,7.855937540491302,Walk,University,Suburb
2023-01-23 07:00:00,41.37906113730655,2.4870393333029917,Walk,Suburb,Suburb
2023-01-23 08:00:00,7.499794158950713,6.045993902639529,Bike,Station,University
2023-01-23 09:00:00,45.98675501036142,8.897656949950758,Bus,Mall,Station
2023-01-23 10:00:00,39.8231890776892,3.2547221208739634,Bike,University,Station
2023-01-23 11:00:00,23.128227136591924,4.27703463436988,Bike,Suburb,Station
2023-01-23 12:00:00,13.852397935069177,4.244337121249536,Bus,Downtown,University
2023-01-23 13:00:00,20.613416713678127,2.6300791923791644,Bus,Mall,University
2023-01-23 14:00:00,32.45601587867696,4.346130281780317,Car,Downtown,Suburb
2023-01-23 15:00:00,7.752197619151357,1.0808019612114177,Car,Suburb,Downtown
2023-01-23 16:00:00,64.67572965728348,4.072001153904213,Bus,Suburb,Mall
2023-01-23 17:00:00,32.241474854856875,4.121793240228614,Walk,University,Mall
2023-01-23 18:00:00,34.929111624782344,4.7645828200725004,Walk,Station,Downtown
2023-01-23 19:00:00,39.625990178218956,7.096218243260678,Bike,Downtown,Suburb
2023-01-23 20:00:00,60.58263999636863,1.6377995870601394,Train,University,Downtown
2023-01-23 21:00:00,29.001985050370767,1.9526509619931933,Bike,Mall,Downtown
2023-01-23 22:00:00,41.396603304853194,2.5714204985614355,Bike,Station,Mall
2023-01-23 23:00:00,14.056084366250026,1.4726819589174822,Train,University,Suburb
2023-01-24 00:00:00,78.60562266271562,7.676731394753587,Bus,Downtown,University
2023-01-24 01:00:00,27.56368971410394,3.1369233396162386,Walk,Suburb,Mall
2023-01-24 02:00:00,13.994709410894444,4.879222363630703,Bike,Mall,University
2023-01-24 03:00:00,17.316868605983032,2.381318306928268,Train,Downtown,Suburb
2023-01-24 04:00:00,3.357855787306109,3.732490639335005,Car,Station,Downtown
2023-01-24 05:00:00,17.224210838517862,6.259198957168702,Bike,Station,Station
2023-01-24 06:00:00,1.3094888457019636,6.480813497825607,Walk,Suburb,Station
2023-01-24 07:00:00,43.51316839509278,2.032321461738582,Bus,Suburb,Suburb
2023-01-24 08:00:00,34.17716241805567,4.694289768390064,Bike,Mall,Station
2023-01-24 09:00:00,10.560711519250457,2.4178129747207064,Bike,Mall,University
2023-01-24 10:00:00,24.08740869089544,4.561264812625178,Train,Suburb,Station
2023-01-24 11:00:00,24.930302001810276,2.9203336129525233,Car,Suburb,Suburb
2023-01-24 12:00:00,8.608542122170133,15.985398528750505,Car,Station,Suburb
2023-01-24 13:00:00,20.960530324214627,8.862485403923525,Bus,Suburb,University
2023-01-24 14:00:00,25.52426463829266,6.685502640910602,Walk,University,Station
2023-01-24 15:00:00,20.51241511967419,3.995798392312744,Bus,Downtown,Station
2023-01-24 16:00:00,13.982446441206301,9.039532069520803,Bike,Suburb,Downtown
2023-01-24 17:00:00,10.187498836703888,4.7997722758996515,Bike,Mall,Mall
2023-01-24 18:00:00,19.94204466858281,14.929862529498493,Car,University,Suburb
2023-01-24 19:00:00,15.490203693993145,9.664332255180526,Walk,Mall,Downtown
2023-01-24 20:00:00,37.80805571702737,3.7106145996223034,Train,University,Suburb
2023-01-24 21:00:00,63.06857906555678,13.8242254697279,Walk,Suburb,Downtown
2023-01-24 22:00:00,47.52037423489634,4.01213124545222,Bike,Downtown,Mall
2023-01-24 23:00:00,26.17260729750543,16.594618287717857,Train,Mall,Downtown
2023-01-25 00:00:00,14.448242315870619,14.311020199234685,Walk,University,Suburb
2023-01-25 01:00:00,46.65090864266215,6.234566148073239,Walk,Station,Station
2023-01-25 02:00:00,39.42754005697366,1.1260234197084493,Train,Suburb,Suburb
2023-01-25 03:00:00,60.17276034511271,5.887436519771249,Bike,Downtown,University
2023-01-25 04:00:00,29.02504808757348,1.8405248622802663,Walk,Suburb,University
2023-01-25 05:00:00,75.93590333358252,2.995889583136294,Train,Station,University
2023-01-25 06:00:00,29.031705121236648,3.1891536399936022,Bike,Downtown,University
2023-01-25 07:00:00,14.388116764850217,1.825526390346365,Train,Station,Mall
2023-01-25 08:00:00,16.751562194267795,5.903715011713469,Train,Suburb,Station
2023-01-25 09:00:00,36.552953709983655,2.7030733055653955,Walk,University,Station
2023-01-25 10:00:00,15.454749248769733,4.159269217903793,Bike,Suburb,Suburb
2023-01-25 11:00:00,75.5944120285291,3.211902946100354,Walk,Suburb,Downtown
2023-01-25 12:00:00,34.4370094182957,7.117933554871837,Bus,Suburb,Suburb
2023-01-25 13:00:00,25.743179131615104,6.755360762748509,Bus,Mall,Suburb
2023-01-25 14:00:00,27.397178439312004,3.9000989660184664,Bike,Station,Suburb
2023-01-25 15:00:00,20.33980133858422,7.370534089678049,Train,Station,Suburb
2023-01-25 16:00:00,4.609713105531807,11.429974110177334,Walk,Station,Station
2023-01-25 17:00:00,16.76193485589006,0.5,Walk,Mall,Downtown
2023-01-25 18:00:00,69.54534986547641,3.060366299892414,Bike,University,Suburb
2023-01-25 19:00:00,29.603249875311157,2.1792794008071064,Bike,Suburb,Station
2023-01-25 20:00:00,51.25308955389893,2.8340013869354097,Bus,University,Suburb
2023-01-25 21:00:00,52.246435957126316,0.5,Car,Mall,University
2023-01-25 22:00:00,24.261676632019594,0.5,Bike,Station,Suburb
2023-01-25 23:00:00,39.87925523023378,3.3035427197083136,Car,Suburb,Suburb
2023-01-26 00:00:00,5.212597640507174,3.2262445438589684,Bike,Downtown,Mall
2023-01-26 01:00:00,65.8792227751893,12.534803926842171,Train,Downtown,University
2023-01-26 02:00:00,62.37978161963088,5.567282715940864,Train,University,Downtown
2023-01-26 03:00:00,35.83907014415911,7.238153887641394,Bus,Station,Suburb
2023-01-26 04:00:00,30.395302289109512,40.83069805354616,Bus,Downtown,Downtown
2023-01-26 05:00:00,24.508405414857894,15.095841177544493,Car,University,University
2023-01-26 06:00:00,55.2803251627025,4.825795082691675,Bike,Mall,Suburb
2023-01-26 07:00:00,43.11923941185242,3.530344830714875,Walk,University,Mall
2023-01-26 08:00:00,18.61768980785409,3.101831260597999,Bus,University,Station
2023-01-26 09:00:00,8.981938762185587,6.387837023872782,Walk,University,Mall
2023-01-26 10:00:00,7.375719823930915,3.5550990688919306,Walk,Suburb,Mall
2023-01-26 11:00:00,54.89004820623194,1.7761093176567142,Bike,University,Station
2023-01-26 12:00:00,24.102350148449954,3.2000356350240384,Car,University,Station
2023-01-26 13:00:00,35.42241209370266,6.520737875292799,Bike,Suburb,Station
2023-01-26 14:00:00,26.51735263860659,8.15260582958624,Bus,Suburb,Suburb
2023-01-26 15:00:00,7.476493263033455,16.120696928746852,Walk,Mall,Downtown
2023-01-26 16:00:00,5.348655211960457,5.389512362254995,Bike,Station,Downtown
2023-01-26 17:00:00,17.592232097621462,11.885465499632101,Bike,Downtown,Station
2023-01-26 18:00:00,18.83793388171911,4.283212448212296,Bike,Downtown,Mall
2023-01-26 19:00:00,18.82822503890745,4.755497619754068,Bus,University,University
2023-01-26 20:00:00,19.274491187684923,4.563220904227642,Car,Mall,Station
2023-01-26 21:00:00,90.6348425609532,5.8785342741240605,Bike,University,Mall
2023-01-26 22:00:00,50.729396435307095,9.178160824059713,Bus,Downtown,Mall
2023-01-26 23:00:00,29.915092809402196,3.4350832549600887,Walk,Suburb,Suburb
2023-01-27 00:00:00,23.638923308818303,2.286215393962978,Train,Station,Suburb
2023-01-27 01:00:00,24.286099771178982,9.68749546463695,Bus,Mall,Downtown
2023-01-27 02:00:00,42.04055063834352,9.218237496746566,Train,Suburb,Downtown
2023-01-27 03:00:00,23.469279675349007,13.147272282386037,Bike,Station,University
2023-01-27 04:00:00,47.273988372619954,3.006622904934771,Bike,Mall,University
2023-01-27 05:00:00,32.32789248265441,4.16261344989325,Bus,Mall,University
2023-01-27 06:00:00,91.1672262581205,9.938037612882091,Train,Downtown,University
2023-01-27 07:00:00,22.39311431954473,3.402151846117037,Bike,Suburb,Mall
2023-01-27 08:00:00,53.18586267721996,7.913394492065018,Walk,Mall,Mall
2023-01-27 09:00:00,9.785396952059925,4.297881045867088,Car,Mall,Downtown
2023-01-27 10:00:00,14.761762785790253,6.363009283225731,Car,Station,Suburb
2023-01-27 11:00:00,83.40015864220052,1.7420965431997448,Bike,Downtown,Suburb
2023-01-27 12:00:00,45.91731919601707,5.337328676832046,Train,University,Station
2023-01-27 13:00:00,35.87975092804483,11.276181964615978,Bike,Downtown,Mall
2023-01-27 14:00:00,106.39831236754875,8.655684933726928,Train,University,University
2023-01-27 15:00:00,23.90073410399512,2.1517657797153187,Walk,Suburb,University
2023-01-27 16:00:00,53.10080229622631,15.279966399653421,Train,Suburb,Station
2023-01-27 17:00:00,55.75170913696321,10.81391799817784,Bike,Mall,Suburb
2023-01-27 18:00:00,71.8472103415702,1.8226972510306563,Walk,Suburb,University
2023-01-27 19:00:00,8.723395174728886,3.218356271682084,Bus,Mall,Suburb
2023-01-27 20:00:00,23.778421354515142,1.9227729918706051,Car,Downtown,Station
2023-01-27 21:00:00,31.92217179430369,6.49327551604984,Bike,Suburb,Suburb
2023-01-27 22:00:00,71.07804684575581,3.1003709680130482,Bike,Downtown,Suburb
2023-01-27 23:00:00,34.85126598853287,0.6487620157126341,Bike,Downtown,Suburb
2023-01-28 00:00:00,55.83240655416374,4.738864288737108,Walk,Suburb,University
2023-01-28 01:00:00,7.966455168844652,9.425423528192916,Bus,Downtown,Downtown
2023-01-28 02:00:00,19.669089580207842,5.42086833047338,Train,Suburb,Mall
2023-01-28 03:00:00,62.22371389167348,7.414072417695582,Bus,Suburb,Suburb
2023-01-28 04:00:00,21.796016905112797,5.814473266009553,Walk,Suburb,Suburb
2023-01-28 05:00:00,25.302902119925115,8.407299719219981,Bike,University,Suburb
2023-01-28 06:00:00,70.33422934341343,6.203654768901721,Car,Downtown,Downtown
2023-01-28 07:00:00,11.92392848360495,4.539648802507599,Bike,Station,Station
2023-01-28 08:00:00,14.555658849112008,5.370418113781733,Train,Suburb,University
2023-01-28 09:00:00,7.134594138375064,13.472522160981326,Car,Downtown,Downtown
2023-01-28 10:00:00,72.18372960886647,7.71332861639571,Bike,Mall,Suburb
2023-01-28 11:00:00,50.096806736147535,2.1451453693107103,Car,Suburb,Downtown
2023-01-28 12:00:00,49.238341733391906,5.30612402094087,Bus,Suburb,Downtown
2023-01-28 13:00:00,19.222494953186757,6.409145465404885,Walk,Station,Downtown
2023-01-28 14:00:00,6.590962765679433,4.422467552039371,Bike,University,Station
2023-01-28 15:00:00,4.7566997622589415,0.6531866955986786,Train,University,Mall
2023-01-28 16:00:00,62.52886374715668,2.353189008279711,Bus,Suburb,University
2023-01-28 17:00:00,37.587187429307086,3.5630925471799673,Bike,Downtown,Station
2023-01-28 18:00:00,42.76455935935774,16.45327417770019,Bus,Mall,Station
2023-01-28 19:00:00,30.850159334518107,7.128523600776951,Train,Mall,Mall
2023-01-28 20:00:00,13.057411162249087,1.0826364133211843,Bike,Downtown,Station
2023-01-28 21:00:00,19.949127873080716,4.6460456777708075,Train,Suburb,Downtown
2023-01-28 22:00:00,10.326807348640008,12.093094112924804,Car,Mall,Downtown
2023-01-28 23:00:00,9.140235269005965,3.0632105598692774,Train,University,Suburb
2023-01-29 00:00:00,47.33290943698714,10.196215484387546,Car,Downtown,Station
2023-01-29 01:00:00,5.252817006362244,1.122152066861841,Bike,Station,Suburb
2023-01-29 02:00:00,10.392504396378431,0.5,Car,Suburb,University
2023-01-29 03:00:00,20.897420208113733,11.238041937666656,Bike,Downtown,Downtown
2023-01-29 04:00:00,27.09661141476377,3.4121509459204384,Bike,Mall,University
2023-01-29 05:00:00,7.043193077033292,3.6411664062967066,Walk,Suburb,Mall
2023-01-29 06:00:00,34.53662273609968,5.774364100873103,Bike,University,Downtown
2023-01-29 07:00:00,29.591597376230617,6.949416098678575,Car,Suburb,University
2023-01-29 08:00:00,61.81325805499887,0.5,Walk,Suburb,Mall
2023-01-29 09:00:00,27.44385150595642,2.859358598912698,Walk,University,University
2023-01-29 10:00:00,37.06579570517981,5.2319417083342845,Bike,University,Mall
2023-01-29 11:00:00,13.721083865280034,6.93810518842635,Train,Suburb,Mall
2023-01-29 12:00:00,14.234809950482926,2.1214087659313834,Train,University,Downtown
2023-01-29 13:00:00,7.820497863791185,4.24172708212565,Walk,Downtown,Suburb
2023-01-29 14:00:00,13.839375655868645,3.055026817993908,Bike,University,Mall
2023-01-29 15:00:00,19.712258625066696,5.919629537628087,Train,University,Mall
2023-01-29 16:00:00,57.78266749539698,10.966546333578938,Bike,Suburb,Downtown
2023-01-29 17:00:00,12.061753231914743,3.807486057475061,Bike,Downtown,Suburb
2023-01-29 18:00:00,93.79687088168049,1.3469004283861374,Walk,Station,Station
2023-01-29 19:00:00,39.39095217831957,2.7249219749016103,Walk,Station,Station
2023-01-29 20:00:00,33.89982453565462,15.178838015417346,Bus,Mall,Suburb
2023-01-29 21:00:00,25.858038920297236,2.361665488343708,Train,University,University
2023-01-29 22:00:00,22.259999407888966,1.6397351883993636,Train,University,Downtown
2023-01-29 23:00:00,15.683641287240281,3.6187666934218683,Train,Downtown,Suburb
2023-01-30 00:00:00,6.749623552387252,4.646965260595597,Car,Station,Station
2023-01-30 01:00:00,12.44299322056411,3.2173331166837653,Bike,Mall,Mall
2023-01-30 02:00:00,72.0699830031344,1.1291404335563955,Walk,Downtown,Station
2023-01-30 03:00:00,37.716287269198304,6.351809899646484,Train,University,Mall
2023-01-30 04:00:00,71.65030535788954,5.924171902441595,Bus,Station,Downtown
2023-01-30 05:00:00,15.342866006612358,8.19137808925344,Train,Mall,Mall
2023-01-30 06:00:00,10.048311668770236,5.8252658640889265,Bike,Suburb,Suburb
2023-01-30 07:00:00,25.665848977409574,14.35711818891831,Bike,Station,Mall
2023-01-30 08:00:00,12.857386344322778,8.643116994286972,Walk,Mall,University
2023-01-30 09:00:00,29.80602265346753,7.4623264202355974,Car,Downtown,Suburb
2023-01-30 10:00:00,5.353410366094879,11.23983570497249,Walk,Suburb,Downtown
2023-01-30 11:00:00,2.855980282496771,5.563550323257002,Train,Mall,Suburb
2023-01-30 12:00:00,32.96568833129828,4.314208692876402,Bus,Mall,University
2023-01-30 13:00:00,73.39024593844866,6.29928424451605,Walk,University,Downtown
2023-01-30 14:00:00,34.023812394053714,0.6109602038843203,Car,Station,Station
2023-01-30 15:00:00,37.44549663204627,5.576985975009261,Walk,University,University
2023-01-30 16:00:00,26.500911118828487,4.643012883859846,Bike,Suburb,Downtown
2023-01-30 17:00:00,28.425164159186977,6.807573694121753,Train,Mall,Mall
2023-01-30 18:00:00,6.400606767691644,10.21706787208929,Train,University,Suburb
2023-01-30 19:00:00,13.290305796088681,7.617683624695523,Train,Station,Downtown
2023-01-30 20:00:00,57.38922266395685,2.731512574758555,Train,Suburb,Suburb
2023-01-30 21:00:00,19.359716638013193,9.099426958914753,Train,Downtown,Mall
2023-01-30 22:00:00,56.61779467176053,14.495455028162366,Train,University,Downtown
2023-01-30 23:00:00,27.845979458532373,10.398279346186765,Bus,Suburb,Station
2023-01-31 00:00:00,28.906477640972312,1.4777887036337471,Car,Downtown,University
2023-01-31 01:00:00,19.479039650889547,7.560629049150219,Train,University,Downtown
2023-01-31 02:00:00,41.372347843003645,1.715210963760636,Car,Suburb,Mall
2023-01-31 03:00:00,48.47967701385949,3.981621820750156,Train,Suburb,Downtown
2023-01-31 04:00:00,12.659321455731153,6.662877956887496,Walk,University,Suburb
2023-01-31 05:00:00,7.066458585826109,6.038560782023604,Train,Suburb,Downtown
2023-01-31 06:00:00,3.6360863553044838,10.260676787294349,Bike,Mall,Station
2023-01-31 07:00:00,36.183897753786354,14.542170833217689,Bus,University,Downtown
2023-01-31 08:00:00,33.30500772335148,7.153924744098154,Walk,Suburb,University
2023-01-31 09:00:00,111.01956357586286,3.737593284141392,Walk,Downtown,Downtown
2023-01-31 10:00:00,26.618334726840615,0.6516438074711128,Bike,Downtown,Suburb
2023-01-31 11:00:00,23.13348976239271,12.040870919165418,Train,Mall,Downtown
2023-01-31 12:00:00,30.543750303430187,4.6622991868442965,Bus,University,Station
2023-01-31 13:00:00,31.761425363367593,4.85589650670102,Walk,Suburb,Mall
2023-01-31 14:00:00,21.762668745556056,5.161767367673813,Bus,Suburb,Downtown
2023-01-31 15:00:00,13.035061467242059,6.919473327205635,Walk,Downtown,Downtown
2023-01-31 16:00:00,25.549706285172856,7.067059570254743,Train,Mall,University
2023-01-31 17:00:00,24.823826843492938,4.03341223705734,Walk,Downtown,Station
2023-01-31 18:00:00,24.518480025484216,4.625945356896026,Walk,Downtown,Mall
2023-01-31 19:00:00,44.41502217940947,3.0098246434228377,Car,Mall,Suburb
2023-01-31 20:00:00,25.201013982381856,2.7296150035652267,Train,University,Downtown
2023-01-31 21:00:00,7.229473931669238,2.7178662098342405,Bike,Suburb,Mall
2023-01-31 22:00:00,14.95692965173792,4.583525048784622,Bike,University,Suburb
2023-01-31 23:00:00,21.551294897691406,2.2692441712425695,Train,Station,Station
2023-02-01 00:00:00,26.11314538341497,0.5,Bike,Station,Station
2023-02-01 01:00:00,36.72428325633709,3.6842797966036067,Train,Station,Mall
2023-02-01 02:00:00,26.269441761028485,1.5756153792434278,Bike,Mall,Suburb
2023-02-01 03:00:00,2.940085737596752,5.435820119156651,Car,Downtown,Station
2023-02-01 04:00:00,8.129387251733355,2.999667441695089,Bike,University,Mall
2023-02-01 05:00:00,38.51006078724641,6.981713552305951,Walk,Suburb,Station
2023-02-01 06:00:00,21.090301329909995,1.7293343311574476,Train,Station,Station
2023-02-01 07:00:00,27.9908569982118,0.8213912043548051,Bus,University,Station
2023-02-01 08:00:00,19.024010419128903,4.635036629116068,Bus,Station,University
2023-02-01 09:00:00,14.903501862781056,3.55580095403655,Train,Station,Suburb
2023-02-01 10:00:00,19.58823099328694,1.4369442826099856,Car,Suburb,Mall
2023-02-01 11:00:00,28.24020346480246,8.647984646976992,Bike,Mall,Mall
2023-02-01 12:00:00,25.05903232998771,2.036229130999649,Car,Downtown,Suburb
2023-02-01 13:00:00,48.26473825721175,2.6153255882513857,Bus,Mall,Suburb
2023-02-01 14:00:00,5.860742877027236,9.80845137216883,Train,University,Suburb
2023-02-01 15:00:00,6.773306461304621,7.274690260208519,Train,Mall,Suburb
2023-02-01 16:00:00,20.895147709774662,1.827887624491526,Car,University,Downtown
2023-02-01 17:00:00,37.019603934225,3.8251651450922406,Car,University,Mall
2023-02-01 18:00:00,42.770835166647416,1.649628816545348,Bike,Downtown,Downtown
2023-02-01 19:00:00,15.41528886991822,9.32140529394287,Walk,Suburb,Station
2023-02-01 20:00:00,1.0,9.317042283884383,Walk,Downtown,Station
2023-02-01 21:00:00,15.843796978663855,15.960726496715232,Bike,Mall,Mall
2023-02-01 22:00:00,33.380686542046575,20.065041446916283,Walk,University,Station
2023-02-01 23:00:00,24.704696458764943,2.9690864823243928,Bus,Station,Suburb
2023-02-02 00:00:00,37.97948037731396,8.299438671260226,Walk,Station,Downtown
2023-02-02 01:00:00,56.06768159258261,0.6780833699411576,Bike,University,Suburb
2023-02-02 02:00:00,22.05403166036198,5.752018241888798,Walk,Downtown,Station
2023-02-02 03:00:00,17.360888042155104,6.835371908157109,Train,Suburb,Downtown
2023-02-02 04:00:00,11.48216172982318,2.1442688244135018,Car,Downtown,Suburb
2023-02-02 05:00:00,6.732665191095977,2.809626693973534,Bus,University,Mall
2023-02-02 06:00:00,4.963581415206064,9.360772084134931,Train,University,Suburb
2023-02-02 07:00:00,14.152862619132462,6.959099467941728,Train,Suburb,Station
2023-02-02 08:00:00,51.02860779061003,14.635622477218599,Bike,Mall,Downtown
2023-02-02 09:00:00,40.55997108188081,13.523918117255938,Car,Mall,Mall
2023-02-02 10:00:00,16.691940492087866,0.9370313213667956,Car,Suburb,Downtown
2023-02-02 11:00:00,94.3665442675057,3.2314521205656384,Bus,Mall,Mall
2023-02-02 12:00:00,15.009200757619164,1.9359454118306998,Bike,Station,Downtown
2023-02-02 13:00:00,59.630006067612335,8.54497370534768,Bus,Mall,Station
2023-02-02 14:00:00,69.06859013813197,6.181443912832802,Walk,Mall,Mall
2023-02-02 15:00:00,35.00707324385765,2.0669037173465967,Train,Mall,University
2023-02-02 16:00:00,14.038638166941181,2.3850466804258863,Bus,Station,Downtown
2023-02-02 17:00:00,18.571896622016922,11.569245152943026,Train,Mall,Downtown
2023-02-02 18:00:00,28.749563418322705,3.549809936999326,Bike,Station,Suburb
2023-02-02 19:00:00,6.9347279453790325,0.542447329936354,Walk,Suburb,Mall
2023-02-02 20:00:00,10.510228491861211,1.8936442187149085,Bike,Downtown,University
2023-02-02 21:00:00,9.71299028338539,16.657453752575993,Walk,Suburb,Station
2023-02-02 22:00:00,36.898726176766324,10.004759754754778,Walk,Downtown,Suburb
2023-02-02 23:00:00,55.70788565626437,1.544444261545721,Train,Suburb,University
2023-02-03 00:00:00,41.66686119386272,5.750040937215148,Bike,Downtown,Mall
2023-02-03 01:00:00,49.67418466477703,9.58322759635709,Bike,Downtown,University
2023-02-03 02:00:00,13.02189473423966,0.9219235688371112,Bus,University,Downtown
2023-02-03 03:00:00,19.25748483599224,10.323481973872141,Bike,Downtown,Downtown
2023-02-03 04:00:00,20.45043416631684,6.911324257940324,Bus,Downtown,Suburb
2023-02-03 05:00:00,34.90817045090108,2.664098860591495,Car,University,Mall
2023-02-03 06:00:00,14.494222146127496,7.719168887504052,Car,Mall,Mall
2023-02-03 07:00:00,47.61571740147241,6.245942502925713,Car,Mall,University
2023-02-03 08:00:00,67.81638387799123,6.563205789430023,Bike,University,Suburb
2023-02-03 09:00:00,36.18004316522451,5.595757847943358,Bike,Station,Mall
2023-02-03 10:00:00,18.577755601952692,2.305052775325021,Bus,Downtown,Downtown
2023-02-03 11:00:00,12.015799066792482,2.7177452301272793,Walk,Downtown,University
2023-02-03 12:00:00,9.734677455509967,4.133336926404885,Bus,University,Station
2023-02-03 13:00:00,2.9826354161591944,5.180292505596659,Car,University,Downtown
2023-02-03 14:00:00,20.95554688415586,8.045285793523213,Bus,Station,Suburb
2023-02-03 15:00:00,20.013533757515926,16.91621481462341,Walk,Mall,Mall
2023-02-03 16:00:00,45.63923783876782,5.951020461043612,Bike,Suburb,Downtown
2023-02-03 17:00:00,15.323344008549192,7.945047003764366,Bus,Mall,Station
2023-02-03 18:00:00,21.901341626269,9.249489568745515,Car,Downtown,Station
2023-02-03 19:00:00,30.881104530329754,8.345257742067329,Car,University,Suburb
2023-02-03 20:00:00,35.76390194508852,2.2246360661186655,Bike,Station,Downtown
2023-02-03 21:00:00,42.10185844693287,12.301159492022245,Bus,Mall,University
2023-02-03 22:00:00,28.67186410055347,11.039440276333936,Walk,Station,Downtown
2023-02-03 23:00:00,7.357279715878795,5.538372108598274,Bike,Mall,Station
2023-02-04 00:00:00,33.566153006738034,2.3501016870628906,Bus,Downtown,Suburb
2023-02-04 01:00:00,14.388935564267738,5.117215639518033,Train,Suburb,Suburb
2023-02-04 02:00:00,57.4630502828907,1.0629412036699362,Car,Station,University
2023-02-04 03:00:00,25.414188854040294,13.375456163109442,Walk,Station,Suburb
2023-02-04 04:00:00,29.95798082645756,2.941557666511352,Walk,Suburb,Suburb
2023-02-04 05:00:00,116.80335639778849,3.965339857815298,Walk,Station,Suburb
2023-02-04 06:00:00,42.6099993084589,12.751848208696245,Car,Station,Suburb
2023-02-04 07:00:00,33.13133871015237,11.75551967634891,Bus,Mall,Suburb
2023-02-04 08:00:00,22.413519506855884,6.4267432839956165,Bike,Mall,Station
2023-02-04 09:00:00,7.9963926319495595,14.708407655893435,Bus,Suburb,Downtown
2023-02-04 10:00:00,21.166805688882558,2.159301832172053,Bike,Downtown,Mall
2023-02-04 11:00:00,11.881904371815166,6.429167441562311,Walk,Station,Suburb
2023-02-04 12:00:00,73.28437609514265,2.1761211850616204,Bus,Downtown,Mall
2023-02-04 13:00:00,33.44806456100472,10.590081748724137,Walk,Suburb,Mall
2023-02-04 14:00:00,56.069671861188056,10.340084980838636,Train,Suburb,Station
2023-02-04 15:00:00,14.9532079666255,15.393000958639526,Walk,Mall,Suburb
2023-02-04 16:00:00,12.672750120895088,4.998785249586287,Walk,Station,Mall
2023-02-04 17:00:00,39.77247855782807,18.212095449390915,Bike,University,Suburb
2023-02-04 18:00:00,11.451186621871468,2.0096565067079664,Train,Suburb,University
2023-02-04 19:00:00,17.449479507499124,4.794119669437735,Walk,Station,University
2023-02-04 20:00:00,75.57095598067322,2.0788974341776614,Walk,Downtown,University
2023-02-04 21:00:00,18.032157813066682,5.798730767776989,Train,Mall,Mall
2023-02-04 22:00:00,6.364358844657001,2.2523010138268136,Train,Downtown,University
2023-02-04 23:00:00,4.05501557476508,10.609613633798293,Bus,Suburb,Station
2023-02-05 00:00:00,5.565752888651,7.075334818232264,Bike,Suburb,Station
2023-02-05 01:00:00,58.28656109384705,1.850766442248283,Train,Downtown,Mall
2023-02-05 02:00:00,15.763725514624007,8.979849332286133,Train,Suburb,Suburb
2023-02-05 03:00:00,114.46577379484468,14.030861650398496,Car,Station,Downtown
2023-02-05 04:00:00,68.33149947784818,7.569208895477648,Train,Suburb,Suburb
2023-02-05 05:00:00,87.44407646524485,1.356372094466081,Bike,Mall,Suburb
2023-02-05 06:00:00,50.536555381679406,4.444951672396652,Walk,Station,Suburb
2023-02-05 07:00:00,38.31919747888661,8.263475833512272,Walk,University,Suburb
2023-02-05 08:00:00,12.267182862203406,4.117763554306235,Walk,Suburb,Downtown
2023-02-05 09:00:00,24.934710831503168,1.9852669925521451,Walk,Suburb,University
2023-02-05 10:00:00,41.05559253469743,11.436831297699538,Car,Mall,Suburb
2023-02-05 11:00:00,48.437617280119085,3.9774781350413972,Train,Mall,Station
2023-02-05 12:00:00,8.76816235531605,14.036588181270812,Walk,Downtown,Mall
2023-02-05 13:00:00,21.43419512942885,3.2460995776669317,Bus,Downtown,Mall
2023-02-05 14:00:00,23.432832653460938,3.792477729006988,Walk,Downtown,Station
2023-02-05 15:00:00,22.715705342004647,3.034769300770876,Train,Mall,Suburb
2023-02-05 16:00:00,9.949182822779507,4.385554994269138,Walk,Downtown,Downtown
2023-02-05 17:00:00,80.83546470063646,6.992673161999753,Car,Downtown,University
2023-02-05 18:00:00,20.865630138645205,2.0844738905122453,Bike,University,Mall
2023-02-05 19:00:00,10.643094357873705,1.7313011534968539,Bike,Downtown,University
2023-02-05 20:00:00,82.13357407072822,0.8986041288996693,Train,Suburb,Downtown
2023-02-05 21:00:00,68.37442125562987,0.7734878853818243,Bike,Mall,Mall
2023-02-05 22:00:00,27.828698509815638,1.3732831874494356,Bike,Station,University
2023-02-05 23:00:00,17.01763455547532,3.2273094365658554,Bus,University,Downtown
2023-02-06 00:00:00,5.088907685562366,5.720501652753891,Train,Mall,University
2023-02-06 01:00:00,36.32304997054445,6.716971235221086,Train,Mall,Suburb
2023-02-06 02:00:00,16.038092627083305,5.524985140366789,Bike,Suburb,Downtown
2023-02-06 03:00:00,24.4709525407218,12.987496698780301,Bike,Downtown,University
2023-02-06 04:00:00,77.41928984484994,15.77318541313964,Bike,Suburb,Suburb
2023-02-06 05:00:00,15.057526956908813,3.9927075408359265,Car,Downtown,Suburb
2023-02-06 06:00:00,35.22085060825623,2.1174634823005434,Walk,Downtown,Downtown
2023-02-06 07:00:00,42.96295125997154,18.946148918019563,Car,Mall,Station
2023-02-06 08:00:00,57.081100112244634,11.173616906542728,Train,Downtown,Mall
2023-02-06 09:00:00,23.110246520201507,10.62255723569226,Bus,University,Downtown
2023-02-06 10:00:00,21.259653900471225,3.118441030014955,Walk,University,Suburb
2023-02-06 11:00:00,20.8657195227958,9.134575191549366,Bus,University,Suburb
2023-02-06 12:00:00,32.81012480256706,5.558147845295997,Train,Mall,Downtown
2023-02-06 13:00:00,66.47761998050706,4.718941478001105,Train,Suburb,Station
2023-02-06 14:00:00,20.108677675932626,4.7126363737169354,Bus,Station,Mall
2023-02-06 15:00:00,1.3085106118504157,7.224882314239917,Bus,Downtown,University
2023-02-06 16:00:00,46.324468647308656,13.268962950264847,Bus,Station,Downtown
2023-02-06 17:00:00,26.31983781578264,19.96542567573401,Train,Suburb,Mall
2023-02-06 18:00:00,36.38118790348544,3.5916208776209437,Bike,Suburb,Mall
2023-02-06 19:00:00,5.3074484982560906,5.795953510336003,Bus,Mall,Suburb
2023-02-06 20:00:00,16.090699097448205,4.626861436636849,Walk,University,University
2023-02-06 21:00:00,43.75077616976109,6.8857320896609275,Train,University,Downtown
2023-02-06 22:00:00,7.727826112457446,4.186905798009832,Car,Suburb,Suburb
2023-02-06 23:00:00,35.16383033247032,2.8150660559934595,Car,Mall,Suburb
2023-02-07 00:00:00,24.316137755787,3.5957273626547397,Walk,Mall,Station
2023-02-07 01:00:00,13.302234163170892,3.1577112090389168,Bike,Downtown,Mall
2023-02-07 02:00:00,12.363164404713306,4.4519159252751,Bus,University,Downtown
2023-02-07 03:00:00,10.037082659107138,1.4786759465917663,Train,Suburb,Downtown
2023-02-07 04:00:00,26.21354815513508,3.209152179067617,Bus,Station,Downtown
2023-02-07 05:00:00,28.57479791089603,6.837274576616208,Train,University,Suburb
2023-02-07 06:00:00,18.544807133809833,6.800895089345486,Car,Downtown,Station
2023-02-07 07:00:00,9.455185131541633,6.04337262416257,Bus,Mall,University
2023-02-07 08:00:00,34.44267080028116,12.507622775239607,Walk,Suburb,Suburb
2023-02-07 09:00:00,46.90795826439465,7.033326812951758,Bike,University,University
2023-02-07 10:00:00,39.008771611586404,12.236218009448526,Walk,Station,Station
2023-02-07 11:00:00,89.75784082345687,19.975028806545403,Bike,Downtown,Mall
2023-02-07 12:00:00,21.622848382290897,9.294090330436601,Bus,Downtown,Downtown
2023-02-07 13:00:00,62.194185361904516,1.4861112082019654,Bus,University,University
2023-02-07 14:00:00,14.461313959424558,6.221523131174247,Bike,Station,Suburb
2023-02-07 15:00:00,12.497589856842499,5.56614094334439,Car,Downtown,University
2023-02-07 16:00:00,27.4515348544318,14.021524534599195,Train,Suburb,Mall
2023-02-07 17:00:00,71.50512671859815,4.580443054968442,Walk,Downtown,Downtown
2023-02-07 18:00:00,19.764174920019222,2.485457513833496,Walk,Station,University
2023-02-07 19:00:00,5.303005063079586,3.368853048002186,Walk,Mall,Mall
2023-02-07 20:00:00,46.297140534784184,1.544067857658677,Bus,Mall,Suburb
2023-02-07 21:00:00,23.52277936885227,17.910522062278137,Walk,University,Station
2023-02-07 22:00:00,31.24306634753242,5.07324059649244,Train,Station,Suburb
2023-02-07 23:00:00,13.084727995362202,1.6965456817588727,Train,Downtown,Downtown
2023-02-08 00:00:00,27.258248389991355,14.86264271578574,Bike,Downtown,Suburb
2023-02-08 01:00:00,6.210725857722365,16.535677039827682,Bus,Mall,Suburb
2023-02-08 02:00:00,81.65141717485278,5.710071763425652,Train,Mall,Suburb
2023-02-08 03:00:00,52.28972609369337,1.4041495266791753,Car,Suburb,Suburb
2023-02-08 04:00:00,26.337172611931823,3.4380749027663002,Bus,Mall,Downtown
2023-02-08 05:00:00,45.41687881478453,4.200069046652851,Bus,Suburb,Mall
2023-02-08 06:00:00,14.493796650572227,5.205139496202455,Train,Downtown,University
2023-02-08 07:00:00,50.71938306495352,1.914495374112442,Car,Suburb,Station
2023-02-08 08:00:00,19.06133024008789,9.823651017810157,Bike,Suburb,University
2023-02-08 09:00:00,17.969739797045847,0.5,Train,University,University
2023-02-08 10:00:00,10.690470362553185,10.930732766048797,Car,Mall,Station
2023-02-08 11:00:00,34.13285053720321,12.520597677207673,Bus,Suburb,Downtown
2023-02-08 12:00:00,25.471946785736527,3.7271360091231713,Car,Downtown,Station
2023-02-08 13:00:00,63.531390512811214,4.755512661708446,Bus,Station,Downtown
2023-02-08 14:00:00,9.554226348439801,13.576288933300113,Train,Suburb,University
2023-02-08 15:00:00,34.24517797025881,8.042681985582883,Train,Mall,Downtown
2023-02-08 16:00:00,55.76346889309672,3.8373978473963843,Walk,University,Mall
2023-02-08 17:00:00,28.95632282217568,4.218012172786558,Walk,Downtown,Station
2023-02-08 18:00:00,18.76564055430895,7.254178937056883,Walk,University,Mall
2023-02-08 19:00:00,28.40618559678424,16.863346265060603,Train,Station,University
2023-02-08 20:00:00,60.179837188828635,4.323676612461226,Bike,Suburb,Station
2023-02-08 21:00:00,60.16305746970518,3.7419214066722652,Train,Suburb,University
2023-02-08 22:00:00,22.78260541065029,5.177199852049148,Car,Mall,Mall
2023-02-08 23:00:00,59.466061839623855,5.200921396705954,Train,Suburb,University
2023-02-09 00:00:00,24.559771472894482,6.358087002031898,Train,Downtown,Station
2023-02-09 01:00:00,45.06737136681557,4.767434578303421,Bus,Station,Station
2023-02-09 02:00:00,37.15236633068665,11.375224355461915,Bus,University,University
2023-02-09 03:00:00,18.1551346792779,2.3149929569874415,Bus,Station,Station
2023-02-09 04:00:00,11.054071857383454,6.8799553646292,Train,Suburb,Station
2023-02-09 05:00:00,56.75351704963329,7.076618448619187,Bike,University,University
2023-02-09 06:00:00,67.5473416662187,2.5083959420323807,Car,Mall,Mall
2023-02-09 07:00:00,33.661508416724175,6.83035957637071,Car,Station,Station
2023-02-09 08:00:00,24.534375138279522,7.210811046308528,Bike,University,Station
2023-02-09 09:00:00,8.413343018949877,0.5,Bike,University,Station
2023-02-09 10:00:00,55.77316685970069,2.115002915367435,Car,University,Station
2023-02-09 11:00:00,30.896889472370074,14.336077011268758,Walk,Downtown,University
2023-02-09 12:00:00,20.314017326237753,3.068290380566117,Bus,Station,Mall
2023-02-09 13:00:00,45.95303863872355,1.6923557985562023,Bus,University,Mall
2023-02-09 14:00:00,6.944176263326723,0.7320728891195454,Car,Station,Downtown
2023-02-09 15:00:00,10.201221627626424,1.9335409038190456,Bike,University,Station
2023-02-09 16:00:00,14.038248011225194,4.610015375862361,Walk,Mall,Station
2023-02-09 17:00:00,36.33069529540105,1.5727008471502226,Car,Mall,Downtown
2023-02-09 18:00:00,28.641326576198914,8.117455860743137,Bus,Mall,Mall
2023-02-09 19:00:00,39.415725632030735,2.4674294735575364,Train,Suburb,Suburb
2023-02-09 20:00:00,53.23447109584863,6.393961141779755,Bike,University,Suburb
2023-02-09 21:00:00,40.41703569202535,12.988037461510025,Train,Suburb,Mall
2023-02-09 22:00:00,82.78990573500194,12.45036035370262,Car,Station,Station
2023-02-09 23:00:00,53.15056630774142,6.313449806979868,Bus,Suburb,Suburb
2023-02-10 00:00:00,22.740536185933564,1.8122684856692812,Walk,Station,University
2023-02-10 01:00:00,16.000277423254925,4.862527644965676,Train,Station,University
2023-02-10 02:00:00,23.287492581494437,6.466596784066727,Walk,Station,Downtown
2023-02-10 03:00:00,41.408748662454244,22.398654539676976,Bus,Suburb,Mall
2023-02-10 04:00:00,17.47954382201672,0.7230773429367797,Train,University,Mall
2023-02-10 05:00:00,42.20974914279145,4.8760168737844785,Walk,Suburb,Suburb
2023-02-10 06:00:00,38.91020404043309,7.9137266035976825,Walk,University,Station
2023-02-10 07:00:00,10.908286778738857,5.491988532622276,Train,University,Mall
2023-02-10 08:00:00,52.477890720402094,5.956854541337915,Bus,Station,Suburb
2023-02-10 09:00:00,32.808309747853784,2.6044569528064496,Walk,Suburb,Suburb
2023-02-10 10:00:00,80.1636907450667,9.70607819161205,Car,University,Mall
2023-02-10 11:00:00,24.625823402947557,5.20276282597618,Train,Mall,Suburb
2023-02-10 12:00:00,19.576546317243775,5.94071224606752,Bike,University,Downtown
2023-02-10 13:00:00,9.643338742604636,10.42169149246909,Bike,Mall,Downtown
2023-02-10 14:00:00,9.49916691354226,3.9340862787486666,Bus,Suburb,Mall
2023-02-10 15:00:00,48.28736393779142,11.996957683617856,Car,Suburb,Station
2023-02-10 16:00:00,74.91094059606189,1.5178075434641967,Walk,Suburb,Downtown
2023-02-10 17:00:00,23.031407412522906,6.195752567300088,Bike,University,Downtown
2023-02-10 18:00:00,21.87121469777196,2.460245315652033,Bus,Downtown,Mall
2023-02-10 19:00:00,26.381238767221774,1.9030209686386095,Car,University,University
2023-02-10 20:00:00,54.92445342472774,16.734880169940702,Car,University,Suburb
2023-02-10 21:00:00,10.998609849855761,1.6018216639107106,Bus,Station,Downtown
2023-02-10 22:00:00,29.90592280183007,5.281072819168111,Bus,Station,University
2023-02-10 23:00:00,49.03877234263446,1.4771596949936192,Walk,University,Station
2023-02-11 00:00:00,36.013269061583394,11.501387692059275,Bus,Mall,University
2023-02-11 01:00:00,1.0,3.6170530655947672,Walk,Station,Mall
2023-02-11 02:00:00,40.558619468162604,10.384206318677947,Walk,University,Station
2023-02-11 03:00:00,36.26352493387887,7.723688193874669,Train,Downtown,Station
2023-02-11 04:00:00,62.15089508338147,20.28085259049896,Car,Mall,University
2023-02-11 05:00:00,71.02236904618508,1.1801975462871601,Car,Suburb,Mall
2023-02-11 06:00:00,60.086562085695604,2.0982122326967056,Car,University,Downtown
2023-02-11 07:00:00,26.489402018792696,10.00284948270501,Train,University,University
2023-02-11 08:00:00,5.040395117748224,6.418146264968719,Walk,Mall,Downtown
2023-02-11 09:00:00,21.74632347568238,4.169720607956609,Walk,Station,University
2023-02-11 10:00:00,25.85389928259644,17.881885768634913,Bus,Station,Downtown
2023-02-11 11:00:00,74.28632023804731,5.002645012719934,Train,Station,University
2023-02-11 12:00:00,13.202298726350996,2.546993307406762,Bus,Suburb,Station
2023-02-11 13:00:00,7.160371859423543,10.470217871810249,Train,Mall,Suburb
2023-02-11 14:00:00,17.5740520967079,5.132948852039506,Bus,Mall,Station
2023-02-11 15:00:00,13.845698419497102,5.443866984856093,Bike,Station,Downtown
